{
  "dctx_email": {
    "quota": 941.54,
    "used": 3108.75,
    "timestamp": 1772413187.4991603
  },
  "ljq_email": {
    "quota": 438.84,
    "used": 3511.25,
    "timestamp": 1772413208.1695924
  },
  "zc_email": {
    "quota": 1716.13,
    "used": 2233.87,
    "timestamp": 1772413229.8304632
  },
  "zj_email": {
    "quota": 2900.0,
    "used": 0.0,
    "timestamp": 1772413290.271589
  },
  "fks_email": {
    "quota": 2900.0,
    "used": 0.0,
    "timestamp": 1772413313.149094
  },
  "dxh_email": {
    "quota": 2900.0,
    "used": 0.0,
    "timestamp": 1772413334.732044
  },
  "zhb_email": {
    "quota": 2900.0,
    "used": 0.0,
    "timestamp": 1772413356.4971259
  },
  "linuxdo_84404_cookies": {
    "quota": 418.53,
    "used": 3006.47,
    "timestamp": 1772413237.9290257
  },
  "linux_chuang_cookies": {
    "quota": 3025.44,
    "used": 199.56,
    "timestamp": 1772413245.27187
  },
  "linux_bwj_cookies": {
    "quota": 966.16,
    "used": 2083.84,
    "timestamp": 1772413252.9425185
  },
  "linux_devbai_cookies": {
    "quota": 1285.41,
    "used": 1914.59,
    "timestamp": 1772413260.2104516
  },
  "linux_Yeahnet_cookies": {
    "quota": 1413.26,
    "used": 1786.74,
    "timestamp": 1772413267.6668668
  },
  "我的AnyRouter账号_cookies": {
    "quota": 1061.64,
    "used": 3483.36,
    "timestamp": 1773406618.8227587
  }
}